strain,pos,allele
USA/CA-CZB-3669/2020,218,N
USA/CA-CZB-3668/2020,218,-
USA/CA-CZB-3664/2020,218,T
USA/CA-CZB-3657/2020,218,N
USA/CA-CZB-3671/2020,218,N
USA/CA-CZB-3648/2020,218,T
USA/CA-CZB-3649/2020,218,T
USA/CA-CZB-3655/2020,218,T
USA/CA-CZB-3651/2020,218,T
USA/CA-CZB-3650/2020,218,T
USA/CA-CZB-3666/2020,218,T
USA/CA-CZB-3663/2020,218,T
USA/CA-CZB-3665/2020,218,T
USA/CA-CZB-3660/2020,218,T
USA/CA-CZB-3659/2020,218,N
USA/CA-CZB-3661/2020,218,T
USA/CA-CZB-3662/2020,218,N
USA/CA-CZB-3652/2020,218,N
USA/CA-CZB-3653/2020,218,N
Australia/NSW303/2020,218,N
Australia/NSW50/2020,218,N
USA/NY-NYUMC500/2020,241,T
Austria/CeMM0205/2020,241,T
Australia/VIC1858/2020,241,T
Sweden/20-08045/2020,241,T
Scotland/EDB6009/2020,241,T
England/BRIS-122984/2020,241,T
England/CAMB-1AE4AD/2020,241,T
England/CAMB-7B729/2020,241,T
CDPH_Mad_4,241,T
CDPH_Mad_6,241,T
CDPH_Mad_5,241,T
USA/CA-CZB-3669/2020,241,N
USA/CA-CZB-3668/2020,241,T
USA/CA-CZB-3664/2020,241,T
USA/CA-CZB-3667/2020,241,T
USA/CA-CZB-3670/2020,241,T
USA/CA-CZB-3657/2020,241,N
USA/CA-CZB-3658/2020,241,T
USA/CA-CZB-3656/2020,241,T
USA/CA-CZB-3671/2020,241,N
USA/CA-CZB-3648/2020,241,T
USA/CA-CZB-3649/2020,241,T
USA/CA-CZB-3655/2020,241,T
USA/CA-CZB-3651/2020,241,T
USA/CA-CZB-3650/2020,241,T
USA/CA-CZB-3666/2020,241,T
USA/CA-CZB-3663/2020,241,T
USA/CA-CZB-3665/2020,241,T
USA/CA-CZB-3660/2020,241,T
USA/CA-CZB-3672/2020,241,T
USA/CA-CZB-3659/2020,241,N
USA/CA-CZB-3661/2020,241,T
USA/CA-CZB-3662/2020,241,N
USA/CA-CZB-3652/2020,241,N
USA/CA-CZB-3654/2020,241,T
USA/CA-CZB-3653/2020,241,N
CDPH_Mad_3,241,T
CDPH_Mad_2,241,T
USA/MI-UM-2006S000967/2020,241,T
England/NORT-295420/2020,241,T
USA/TX-QDX-37/2020,241,T
England/NOTT-110D23/2020,241,T
USA/CA-ALSR-1315/2020,241,T
DRC/6854/2020,241,T
DRC/7713/2020,241,T
England/BRIS-1227E4/2020,241,T
Sweden/20-51474/2020,241,T
USA/UT-04105/2020,241,T
Switzerland/200007_584_B01/2020,241,T
England/EXET-137764/2020,241,T
England/EXET-137782/2020,241,T
Austria/CeMM0160/2020,241,T
Brazil/L22_CD475/2020,241,T
Australia/VIC652/2020,241,T
Australia/VIC682/2020,241,T
Australia/VIC174/2020,241,T
Australia/VIC853/2020,241,T
Brazil/SP-01/2020,241,T
Brazil/SP-05/2020,241,T
Brazil/SP-12/2020,241,T
Australia/NSW303/2020,241,N
India/GBRC70/2020,241,T
Beijing/DT-travelCA01/2020,241,T
HongKong/HKU-200723-019/2020,241,T
SouthAfrica/KRISP-0055/2020,241,T
SouthAfrica/KRISP-0067/2020,241,T
SouthAfrica/KRISP-0040/2020,241,T
SouthAfrica/KRISP-0019/2020,241,T
Brazil/SP-L22-CD475/2020,241,T
Brazil/RJ-DCVTV507Q/2020,241,T
Australia/NSW50/2020,241,N
USA/CA-CZB-3669/2020,313,N
USA/CA-CZB-3659/2020,313,N
USA/CA-CZB-3662/2020,313,N
USA/CA-CZB-3652/2020,313,T
USA/CA-CZB-3654/2020,313,T
USA/CA-CZB-3653/2020,313,T
Switzerland/200007_584_B01/2020,313,T
Australia/NSW303/2020,313,T
Australia/NSW50/2020,313,T
USA/NY-NYUMC500/2020,1059,T
Australia/VIC1858/2020,1059,T
CDPH_Mad_3,1059,T
USA/MI-UM-2006S000967/2020,1059,T
USA/TX-QDX-37/2020,1059,T
USA/UT-04105/2020,1059,T
England/EXET-137764/2020,1059,T
England/EXET-137782/2020,1059,T
Beijing/DT-travelCA01/2020,1059,T
England/CAMB-7717A/2020,1514,T
England/CAMB-765CA/2020,1514,T
England/20149009004/2020,1514,T
England/CAMB-76269/2020,1514,T
England/CAMB-75A80/2020,1514,T
USA/CA-CZB-3669/2020,1684,T
USA/CA-CZB-3668/2020,1684,T
USA/CA-CZB-3664/2020,1812,T
USA/CA-CZB-3648/2020,1812,T
USA/CA-CZB-3649/2020,1812,T
USA/CA-CZB-3655/2020,1812,T
USA/CA-CZB-3651/2020,1812,T
USA/CA-CZB-3650/2020,1812,T
USA/CA-CZB-3666/2020,1812,T
USA/CA-CZB-3663/2020,1812,T
USA/CA-CZB-3665/2020,1812,T
USA/CA-CZB-3660/2020,1812,T
USA/CA-CZB-3661/2020,1812,T
USA/CA-CZB-3662/2020,1812,T
USA/CA-CZB-3669/2020,2015,G
USA/CA-CZB-3668/2020,2015,G
England/CAMB-7717A/2020,2480,G
England/CAMB-765CA/2020,2480,G
England/20149009004/2020,2480,G
England/CAMB-76269/2020,2480,G
England/CAMB-75A80/2020,2480,G
Ghana/2230_S4/2020,2480,G
SouthKorea/KCDC2129/2020,2480,G
Australia/QLDID929/2020,2480,G
England/CAMB-7717A/2020,2558,T
England/CAMB-765CA/2020,2558,T
England/20149009004/2020,2558,T
England/CAMB-76269/2020,2558,T
England/CAMB-75A80/2020,2558,T
Ghana/2230_S4/2020,2558,T
SouthKorea/KCDC2129/2020,2558,T
Australia/QLDID929/2020,2558,T
USA/NY-NYUMC500/2020,3037,T
Austria/CeMM0205/2020,3037,T
Australia/VIC1858/2020,3037,T
Sweden/20-08045/2020,3037,T
Scotland/EDB6009/2020,3037,T
England/BRIS-122984/2020,3037,T
England/CAMB-1AE4AD/2020,3037,T
England/CAMB-7B729/2020,3037,T
CDPH_Mad_4,3037,T
CDPH_Mad_6,3037,T
CDPH_Mad_5,3037,T
USA/CA-CZB-3669/2020,3037,T
USA/CA-CZB-3668/2020,3037,T
USA/CA-CZB-3664/2020,3037,T
USA/CA-CZB-3667/2020,3037,T
USA/CA-CZB-3670/2020,3037,T
USA/CA-CZB-3657/2020,3037,T
USA/CA-CZB-3658/2020,3037,T
USA/CA-CZB-3656/2020,3037,T
USA/CA-CZB-3671/2020,3037,T
USA/CA-CZB-3648/2020,3037,T
USA/CA-CZB-3649/2020,3037,T
USA/CA-CZB-3655/2020,3037,T
USA/CA-CZB-3651/2020,3037,T
USA/CA-CZB-3650/2020,3037,T
USA/CA-CZB-3666/2020,3037,T
USA/CA-CZB-3663/2020,3037,T
USA/CA-CZB-3665/2020,3037,T
USA/CA-CZB-3660/2020,3037,T
USA/CA-CZB-3672/2020,3037,T
USA/CA-CZB-3659/2020,3037,T
USA/CA-CZB-3661/2020,3037,T
USA/CA-CZB-3662/2020,3037,T
USA/CA-CZB-3652/2020,3037,T
USA/CA-CZB-3654/2020,3037,T
USA/CA-CZB-3653/2020,3037,T
CDPH_Mad_3,3037,T
CDPH_Mad_2,3037,T
USA/MI-UM-2006S000967/2020,3037,T
England/NORT-295420/2020,3037,T
USA/TX-QDX-37/2020,3037,T
England/NOTT-110D23/2020,3037,T
USA/CA-ALSR-1315/2020,3037,T
DRC/6854/2020,3037,T
DRC/7713/2020,3037,T
England/BRIS-1227E4/2020,3037,T
Sweden/20-51474/2020,3037,T
USA/UT-04105/2020,3037,T
Switzerland/200007_584_B01/2020,3037,T
England/EXET-137764/2020,3037,T
England/EXET-137782/2020,3037,T
Austria/CeMM0160/2020,3037,T
Brazil/L22_CD475/2020,3037,T
Australia/VIC652/2020,3037,T
Australia/VIC682/2020,3037,T
Australia/VIC174/2020,3037,T
Australia/VIC853/2020,3037,T
Brazil/SP-01/2020,3037,T
Brazil/SP-05/2020,3037,T
Brazil/SP-12/2020,3037,T
Australia/NSW303/2020,3037,T
India/GBRC70/2020,3037,T
Beijing/DT-travelCA01/2020,3037,T
HongKong/HKU-200723-019/2020,3037,T
SouthAfrica/KRISP-0055/2020,3037,T
SouthAfrica/KRISP-0067/2020,3037,T
SouthAfrica/KRISP-0040/2020,3037,T
SouthAfrica/KRISP-0019/2020,3037,T
Brazil/SP-L22-CD475/2020,3037,T
Brazil/RJ-DCVTV507Q/2020,3037,T
Australia/NSW50/2020,3037,T
USA/CA-CZB-3649/2020,3052,T
USA/CA-CZB-3655/2020,3052,T
USA/CA-CZB-3651/2020,3052,T
USA/CA-CZB-3650/2020,3052,T
England/EXET-137764/2020,4320,T
England/EXET-137782/2020,4320,T
USA/CA-CZB-3657/2020,7843,Y
USA/CA-CZB-3658/2020,7843,T
USA/CA-CZB-3659/2020,7843,T
Iceland/29/2020,8782,T
USA/MI-UM-2006S000967/2020,8782,N
Iceland/9/2020,8782,T
Iceland/29/2020,9445,C
Iceland/9/2020,9445,C
Brazil/L22_CD475/2020,9445,N
Brazil/SP-L22-CD475/2020,9445,N
DRC/6854/2020,10834,T
DRC/7713/2020,10834,T
England/CAMB-7707D/2020,11083,T
England/CAMB-7717A/2020,11083,T
England/CAMB-765CA/2020,11083,T
England/CAMB-7B729/2020,11083,T
DRC/7713/2020,11083,T
England/20149009004/2020,11083,N
England/CAMB-76269/2020,11083,T
England/CAMB-75A80/2020,11083,T
England/EXET-137764/2020,11083,T
England/EXET-137782/2020,11083,T
Brazil/SP-12/2020,11083,T
Chile/Santiago_60/2020,11083,T
Ghana/2230_S4/2020,11083,N
SouthKorea/KCDC2129/2020,11083,T
Australia/QLDID929/2020,11083,T
HongKong/HKU-200723-019/2020,11083,T
USA/CA-CZB-3664/2020,11152,T
USA/CA-CZB-3648/2020,11152,T
USA/CA-CZB-3649/2020,11152,T
USA/CA-CZB-3655/2020,11152,T
USA/CA-CZB-3651/2020,11152,T
USA/CA-CZB-3650/2020,11152,T
USA/CA-CZB-3666/2020,11152,T
USA/CA-CZB-3663/2020,11152,T
USA/CA-CZB-3665/2020,11152,T
USA/CA-CZB-3660/2020,11152,T
USA/CA-CZB-3661/2020,11152,T
USA/CA-CZB-3662/2020,11152,T
Japan/Hu_Kng_19-437/2020,11752,T
Japan/PG-0036/2020,11752,T
Japan/PG-0033/2020,11752,T
Austria/CeMM0205/2020,12832,A
Austria/CeMM0160/2020,12832,A
USA/NY-NYUMC500/2020,14408,T
Austria/CeMM0205/2020,14408,T
Australia/VIC1858/2020,14408,T
Sweden/20-08045/2020,14408,T
Scotland/EDB6009/2020,14408,T
England/BRIS-122984/2020,14408,T
England/CAMB-1AE4AD/2020,14408,T
England/CAMB-7B729/2020,14408,T
CDPH_Mad_4,14408,T
CDPH_Mad_6,14408,T
CDPH_Mad_5,14408,T
USA/CA-CZB-3669/2020,14408,T
USA/CA-CZB-3668/2020,14408,T
USA/CA-CZB-3664/2020,14408,T
USA/CA-CZB-3667/2020,14408,T
USA/CA-CZB-3670/2020,14408,T
USA/CA-CZB-3657/2020,14408,T
USA/CA-CZB-3658/2020,14408,T
USA/CA-CZB-3656/2020,14408,T
USA/CA-CZB-3671/2020,14408,T
USA/CA-CZB-3648/2020,14408,T
USA/CA-CZB-3649/2020,14408,T
USA/CA-CZB-3655/2020,14408,T
USA/CA-CZB-3651/2020,14408,T
USA/CA-CZB-3650/2020,14408,T
USA/CA-CZB-3666/2020,14408,T
USA/CA-CZB-3663/2020,14408,T
USA/CA-CZB-3665/2020,14408,T
USA/CA-CZB-3660/2020,14408,T
USA/CA-CZB-3672/2020,14408,T
USA/CA-CZB-3659/2020,14408,T
USA/CA-CZB-3661/2020,14408,T
USA/CA-CZB-3662/2020,14408,T
USA/CA-CZB-3652/2020,14408,T
USA/CA-CZB-3654/2020,14408,T
USA/CA-CZB-3653/2020,14408,T
CDPH_Mad_3,14408,T
CDPH_Mad_2,14408,T
USA/MI-UM-2006S000967/2020,14408,T
England/NORT-295420/2020,14408,T
USA/TX-QDX-37/2020,14408,T
England/NOTT-110D23/2020,14408,T
USA/CA-ALSR-1315/2020,14408,T
DRC/6854/2020,14408,T
DRC/7713/2020,14408,T
England/BRIS-1227E4/2020,14408,T
Sweden/20-51474/2020,14408,T
USA/UT-04105/2020,14408,T
Switzerland/200007_584_B01/2020,14408,T
England/EXET-137764/2020,14408,T
England/EXET-137782/2020,14408,T
Austria/CeMM0160/2020,14408,T
Brazil/L22_CD475/2020,14408,T
Australia/VIC652/2020,14408,T
Australia/VIC682/2020,14408,T
Australia/VIC174/2020,14408,T
Australia/VIC853/2020,14408,T
Brazil/SP-01/2020,14408,T
Brazil/SP-05/2020,14408,T
Brazil/SP-12/2020,14408,T
Australia/NSW303/2020,14408,T
India/GBRC70/2020,14408,T
Beijing/DT-travelCA01/2020,14408,T
HongKong/HKU-200723-019/2020,14408,T
SouthAfrica/KRISP-0055/2020,14408,T
SouthAfrica/KRISP-0067/2020,14408,T
SouthAfrica/KRISP-0040/2020,14408,T
SouthAfrica/KRISP-0019/2020,14408,T
Brazil/SP-L22-CD475/2020,14408,T
Brazil/RJ-DCVTV507Q/2020,14408,T
Australia/NSW50/2020,14408,T
England/CAMB-7707D/2020,14805,T
England/CAMB-7717A/2020,14805,T
England/CAMB-765CA/2020,14805,T
England/20149009004/2020,14805,T
England/CAMB-76269/2020,14805,T
England/CAMB-75A80/2020,14805,T
Chile/Santiago_60/2020,14805,T
Ghana/2230_S4/2020,14805,T
SouthKorea/KCDC2129/2020,14805,T
Australia/QLDID929/2020,14805,T
DRC/6854/2020,15324,T
DRC/7713/2020,15324,T
USA/CA-CZB-3667/2020,16639,T
USA/CA-CZB-3670/2020,16639,T
USA/CA-CZB-3657/2020,16639,T
USA/CA-CZB-3658/2020,16639,T
USA/CA-CZB-3656/2020,16639,T
USA/CA-CZB-3671/2020,16639,T
USA/CA-CZB-3672/2020,16639,T
USA/CA-CZB-3659/2020,16639,T
CDPH_Mad_2,16639,N
England/EXET-137764/2020,16860,A
England/EXET-137782/2020,16860,A
England/EXET-137764/2020,16861,T
England/EXET-137782/2020,16861,T
Iceland/29/2020,17747,T
Iceland/9/2020,17747,T
Iceland/29/2020,17858,G
Iceland/9/2020,17858,G
England/EXET-137764/2020,19684,A
England/EXET-137782/2020,19684,A
England/20149009004/2020,19904,G
England/CAMB-75A80/2020,19904,G
CDPH_Mad_4,20268,G
CDPH_Mad_6,20268,G
CDPH_Mad_5,20268,G
USA/CA-CZB-3669/2020,20268,G
USA/CA-CZB-3668/2020,20268,G
USA/CA-CZB-3664/2020,20268,G
USA/CA-CZB-3667/2020,20268,G
USA/CA-CZB-3670/2020,20268,G
USA/CA-CZB-3657/2020,20268,G
USA/CA-CZB-3658/2020,20268,G
USA/CA-CZB-3656/2020,20268,G
USA/CA-CZB-3671/2020,20268,G
USA/CA-CZB-3648/2020,20268,G
USA/CA-CZB-3649/2020,20268,G
USA/CA-CZB-3655/2020,20268,G
USA/CA-CZB-3651/2020,20268,G
USA/CA-CZB-3650/2020,20268,G
USA/CA-CZB-3666/2020,20268,G
USA/CA-CZB-3663/2020,20268,G
USA/CA-CZB-3665/2020,20268,G
USA/CA-CZB-3660/2020,20268,G
USA/CA-CZB-3672/2020,20268,G
USA/CA-CZB-3659/2020,20268,G
USA/CA-CZB-3661/2020,20268,G
USA/CA-CZB-3662/2020,20268,G
USA/CA-ALSR-1315/2020,20268,G
USA/CA-CZB-3664/2020,21844,A
USA/CA-CZB-3667/2020,21844,A
USA/CA-CZB-3670/2020,21844,A
USA/CA-CZB-3657/2020,21844,A
USA/CA-CZB-3658/2020,21844,A
USA/CA-CZB-3656/2020,21844,A
USA/CA-CZB-3671/2020,21844,A
USA/CA-CZB-3648/2020,21844,A
USA/CA-CZB-3649/2020,21844,A
USA/CA-CZB-3655/2020,21844,A
USA/CA-CZB-3651/2020,21844,A
USA/CA-CZB-3650/2020,21844,A
USA/CA-CZB-3666/2020,21844,A
USA/CA-CZB-3663/2020,21844,A
USA/CA-CZB-3665/2020,21844,A
USA/CA-CZB-3660/2020,21844,A
USA/CA-CZB-3672/2020,21844,A
USA/CA-CZB-3659/2020,21844,A
USA/CA-CZB-3661/2020,21844,A
USA/CA-CZB-3662/2020,21844,A
USA/CA-CZB-3649/2020,22225,T
USA/CA-CZB-3655/2020,22225,T
USA/CA-CZB-3651/2020,22225,T
USA/CA-CZB-3650/2020,22225,T
USA/NY-NYUMC500/2020,23403,G
Austria/CeMM0205/2020,23403,G
Australia/VIC1858/2020,23403,G
Sweden/20-08045/2020,23403,G
Scotland/EDB6009/2020,23403,G
England/BRIS-122984/2020,23403,G
England/CAMB-1AE4AD/2020,23403,G
England/CAMB-7B729/2020,23403,G
CDPH_Mad_4,23403,G
CDPH_Mad_6,23403,G
CDPH_Mad_5,23403,G
USA/CA-CZB-3669/2020,23403,G
USA/CA-CZB-3668/2020,23403,G
USA/CA-CZB-3664/2020,23403,G
USA/CA-CZB-3667/2020,23403,G
USA/CA-CZB-3670/2020,23403,G
USA/CA-CZB-3657/2020,23403,G
USA/CA-CZB-3658/2020,23403,G
USA/CA-CZB-3656/2020,23403,G
USA/CA-CZB-3671/2020,23403,G
USA/CA-CZB-3648/2020,23403,G
USA/CA-CZB-3649/2020,23403,G
USA/CA-CZB-3655/2020,23403,G
USA/CA-CZB-3651/2020,23403,G
USA/CA-CZB-3650/2020,23403,G
USA/CA-CZB-3666/2020,23403,G
USA/CA-CZB-3663/2020,23403,G
USA/CA-CZB-3665/2020,23403,G
USA/CA-CZB-3660/2020,23403,G
USA/CA-CZB-3672/2020,23403,G
USA/CA-CZB-3659/2020,23403,G
USA/CA-CZB-3661/2020,23403,G
USA/CA-CZB-3662/2020,23403,G
USA/CA-CZB-3652/2020,23403,G
USA/CA-CZB-3654/2020,23403,G
USA/CA-CZB-3653/2020,23403,G
CDPH_Mad_3,23403,G
CDPH_Mad_2,23403,G
USA/MI-UM-2006S000967/2020,23403,G
England/NORT-295420/2020,23403,G
USA/TX-QDX-37/2020,23403,G
England/NOTT-110D23/2020,23403,G
USA/CA-ALSR-1315/2020,23403,G
DRC/6854/2020,23403,G
DRC/7713/2020,23403,G
England/BRIS-1227E4/2020,23403,G
Sweden/20-51474/2020,23403,G
USA/UT-04105/2020,23403,G
Switzerland/200007_584_B01/2020,23403,G
England/EXET-137764/2020,23403,G
England/EXET-137782/2020,23403,G
Austria/CeMM0160/2020,23403,G
Brazil/L22_CD475/2020,23403,G
Australia/VIC652/2020,23403,G
Australia/VIC682/2020,23403,G
Australia/VIC174/2020,23403,G
Australia/VIC853/2020,23403,G
Brazil/SP-01/2020,23403,G
Brazil/SP-05/2020,23403,G
Brazil/SP-12/2020,23403,G
Australia/NSW303/2020,23403,G
India/GBRC70/2020,23403,G
Beijing/DT-travelCA01/2020,23403,G
HongKong/HKU-200723-019/2020,23403,G
SouthAfrica/KRISP-0055/2020,23403,G
SouthAfrica/KRISP-0067/2020,23403,G
SouthAfrica/KRISP-0040/2020,23403,G
SouthAfrica/KRISP-0019/2020,23403,G
Brazil/SP-L22-CD475/2020,23403,G
Brazil/RJ-DCVTV507Q/2020,23403,G
Australia/NSW50/2020,23403,G
England/CAMB-7707D/2020,23707,T
Chile/Santiago_60/2020,23707,T
CDPH_Mad_4,24076,C
USA/CA-CZB-3664/2020,24076,C
USA/CA-CZB-3667/2020,24076,C
USA/CA-CZB-3670/2020,24076,C
USA/CA-CZB-3657/2020,24076,C
USA/CA-CZB-3658/2020,24076,C
USA/CA-CZB-3656/2020,24076,C
USA/CA-CZB-3671/2020,24076,C
USA/CA-CZB-3648/2020,24076,C
USA/CA-CZB-3649/2020,24076,C
USA/CA-CZB-3655/2020,24076,C
USA/CA-CZB-3651/2020,24076,C
USA/CA-CZB-3650/2020,24076,C
USA/CA-CZB-3666/2020,24076,C
USA/CA-CZB-3663/2020,24076,C
USA/CA-CZB-3665/2020,24076,C
USA/CA-CZB-3660/2020,24076,C
USA/CA-CZB-3672/2020,24076,C
USA/CA-CZB-3659/2020,24076,C
USA/CA-CZB-3661/2020,24076,C
USA/CA-CZB-3662/2020,24076,C
USA/CA-ALSR-1315/2020,24076,C
Iceland/29/2020,24694,T
Iceland/9/2020,24694,T
USA/CA-CZB-3662/2020,25244,T
USA/CA-CZB-3654/2020,25244,T
USA/NY-NYUMC500/2020,25563,T
Australia/VIC1858/2020,25563,T
CDPH_Mad_3,25563,T
USA/MI-UM-2006S000967/2020,25563,T
USA/TX-QDX-37/2020,25563,T
USA/UT-04105/2020,25563,T
England/EXET-137764/2020,25563,T
England/EXET-137782/2020,25563,T
Beijing/DT-travelCA01/2020,25563,T
CDPH_Mad_2,25688,N
England/EXET-137764/2020,25688,T
England/EXET-137782/2020,25688,T
Sweden/20-51474/2020,26111,T
Brazil/L22_CD475/2020,26111,T
Brazil/SP-L22-CD475/2020,26111,T
England/CAMB-7707D/2020,26144,T
England/CAMB-7717A/2020,26144,T
England/CAMB-765CA/2020,26144,T
England/20149009004/2020,26144,T
England/CAMB-76269/2020,26144,T
England/CAMB-75A80/2020,26144,T
Chile/Santiago_60/2020,26144,T
Ghana/2230_S4/2020,26144,T
SouthKorea/KCDC2129/2020,26144,T
Australia/QLDID929/2020,26144,T
Brazil/L22_CD475/2020,27299,C
Brazil/SP-L22-CD475/2020,27299,C
USA/CA-CZB-3652/2020,27645,A
USA/CA-CZB-3654/2020,27645,A
USA/CA-CZB-3653/2020,27645,A
CDPH_Mad_2,27645,N
DRC/6854/2020,27645,N
DRC/7713/2020,27645,N
USA/CA-CZB-3652/2020,27666,A
USA/CA-CZB-3654/2020,27666,A
USA/CA-CZB-3653/2020,27666,A
CDPH_Mad_2,27666,N
DRC/6854/2020,27666,N
DRC/7713/2020,27666,N
Iceland/29/2020,28144,C
Iceland/9/2020,28144,C
DRC/6854/2020,28690,T
DRC/7713/2020,28690,T
CDPH_Mad_4,28854,T
CDPH_Mad_6,28854,T
USA/CA-CZB-3669/2020,28854,T
USA/CA-CZB-3668/2020,28854,T
USA/CA-CZB-3664/2020,28854,T
USA/CA-CZB-3667/2020,28854,T
USA/CA-CZB-3670/2020,28854,T
USA/CA-CZB-3657/2020,28854,T
USA/CA-CZB-3658/2020,28854,T
USA/CA-CZB-3656/2020,28854,T
USA/CA-CZB-3671/2020,28854,T
USA/CA-CZB-3648/2020,28854,T
USA/CA-CZB-3649/2020,28854,T
USA/CA-CZB-3655/2020,28854,T
USA/CA-CZB-3651/2020,28854,T
USA/CA-CZB-3650/2020,28854,T
USA/CA-CZB-3666/2020,28854,T
USA/CA-CZB-3663/2020,28854,T
USA/CA-CZB-3665/2020,28854,T
USA/CA-CZB-3660/2020,28854,T
USA/CA-CZB-3672/2020,28854,T
USA/CA-CZB-3659/2020,28854,T
USA/CA-CZB-3661/2020,28854,T
USA/CA-CZB-3662/2020,28854,T
USA/CA-ALSR-1315/2020,28854,T
Austria/CeMM0205/2020,28881,A
England/CAMB-1AE4AD/2020,28881,A
England/CAMB-7B729/2020,28881,A
USA/CA-CZB-3652/2020,28881,A
USA/CA-CZB-3654/2020,28881,A
USA/CA-CZB-3653/2020,28881,A
England/NORT-295420/2020,28881,A
Sweden/20-51474/2020,28881,A
Switzerland/200007_584_B01/2020,28881,A
Austria/CeMM0160/2020,28881,A
Brazil/L22_CD475/2020,28881,A
Brazil/SP-12/2020,28881,A
Australia/NSW303/2020,28881,A
HongKong/HKU-200723-019/2020,28881,A
Brazil/SP-L22-CD475/2020,28881,A
Australia/NSW50/2020,28881,A
Austria/CeMM0205/2020,28882,A
England/CAMB-1AE4AD/2020,28882,A
England/CAMB-7B729/2020,28882,A
USA/CA-CZB-3652/2020,28882,A
USA/CA-CZB-3654/2020,28882,A
USA/CA-CZB-3653/2020,28882,A
England/NORT-295420/2020,28882,A
Sweden/20-51474/2020,28882,A
Switzerland/200007_584_B01/2020,28882,A
Austria/CeMM0160/2020,28882,A
Brazil/L22_CD475/2020,28882,A
Brazil/SP-12/2020,28882,A
Australia/NSW303/2020,28882,A
HongKong/HKU-200723-019/2020,28882,A
Brazil/SP-L22-CD475/2020,28882,A
Australia/NSW50/2020,28882,A
Austria/CeMM0205/2020,28883,C
England/CAMB-1AE4AD/2020,28883,C
England/CAMB-7B729/2020,28883,C
USA/CA-CZB-3652/2020,28883,C
USA/CA-CZB-3654/2020,28883,C
USA/CA-CZB-3653/2020,28883,C
England/NORT-295420/2020,28883,C
Sweden/20-51474/2020,28883,C
Switzerland/200007_584_B01/2020,28883,C
Austria/CeMM0160/2020,28883,C
Brazil/L22_CD475/2020,28883,C
Brazil/SP-12/2020,28883,C
Australia/NSW303/2020,28883,C
HongKong/HKU-200723-019/2020,28883,C
Brazil/SP-L22-CD475/2020,28883,C
Australia/NSW50/2020,28883,C
DRC/6854/2020,28887,T
DRC/7713/2020,28887,T
USA/NY-NYUMC500/2020,29140,T
England/CAMB-7707D/2020,29140,C
England/CAMB-7717A/2020,29140,T
Austria/CeMM0205/2020,29140,K
Australia/VIC1858/2020,29140,K
Sweden/20-08045/2020,29140,T
England/CAMB-765CA/2020,29140,T
Scotland/EDB6009/2020,29140,T
England/BRIS-122984/2020,29140,T
England/CAMB-1AE4AD/2020,29140,C
Iceland/29/2020,29140,T
England/CAMB-7B729/2020,29140,T
USA/CA-CZB-3664/2020,29140,T
USA/CA-CZB-3667/2020,29140,T
USA/CA-CZB-3670/2020,29140,T
USA/CA-CZB-3657/2020,29140,T
USA/CA-CZB-3658/2020,29140,T
USA/CA-CZB-3656/2020,29140,T
USA/CA-CZB-3671/2020,29140,T
USA/CA-CZB-3648/2020,29140,T
USA/CA-CZB-3649/2020,29140,T
USA/CA-CZB-3655/2020,29140,T
USA/CA-CZB-3651/2020,29140,T
USA/CA-CZB-3650/2020,29140,T
USA/CA-CZB-3666/2020,29140,T
USA/CA-CZB-3663/2020,29140,T
USA/CA-CZB-3665/2020,29140,T
USA/CA-CZB-3660/2020,29140,T
USA/CA-CZB-3672/2020,29140,T
USA/CA-CZB-3659/2020,29140,T
USA/CA-CZB-3661/2020,29140,T
USA/CA-CZB-3662/2020,29140,T
USA/MI-UM-2006S000967/2020,29140,T
England/NORT-295420/2020,29140,T
USA/TX-QDX-37/2020,29140,T
Japan/Hu_Kng_19-437/2020,29140,T
England/NOTT-110D23/2020,29140,T
Iceland/9/2020,29140,T
USA/CA-ALSR-1315/2020,29140,T
DRC/6854/2020,29140,C
DRC/7713/2020,29140,C
England/20149009004/2020,29140,T
England/BRIS-1227E4/2020,29140,T
Sweden/20-51474/2020,29140,T
USA/UT-04105/2020,29140,T
England/CAMB-76269/2020,29140,T
England/CAMB-75A80/2020,29140,T
Switzerland/200007_584_B01/2020,29140,K
England/EXET-137764/2020,29140,C
England/EXET-137782/2020,29140,C
Brazil/L22_CD475/2020,29148,C
Brazil/SP-L22-CD475/2020,29148,C
USA/CA-CZB-3669/2020,29732,A
USA/CA-CZB-3668/2020,29732,A
CDPH_Mad_2,29732,N
DRC/6854/2020,29732,N
DRC/7713/2020,29732,N
Australia/NSW303/2020,29732,N
Australia/NSW50/2020,29732,N
